<?xml version="1.0" encoding="UTF-8" standalone="yes"?>
<addon id="plugin.video.disneyplus" name="Disney+ VOD" provider-name="mairpeter" version="0.3.2">
  <requires>    
    <import addon="script.module.slyguy"/>
    <import addon="script.module.mairpeter" version="0.1.0"/>
  </requires>
  <extension point="xbmc.python.pluginsource" library="default.py" provides="video">
    <provides>video</provides>
  </extension>
  <extension point="xbmc.addon.metadata">
    <description lang="en">Disney+ is the exclusive home for your favorite movies and TV shows from Disney, Pixar, Marvel, Star Wars, and National Geographic.

Subscription required.</description>
<description lang="de">Filmabend bei Disney+! Jetzt streamen und Zugriff auf Blockbuster, Originals, fantastische Abenteuergeschichten, animierte Klassiker und die beliebtesten TV-Serien erhalten.

Abonnement benötigt.</description>
    <description lang="it">Disney+ è la casa esclusiva per i tuoi film e programmi TV preferiti di Disney, Pixar, Marvel, Star Wars e National Geographic.

Abbonamento richiesto.</description>
    <description lang="fr">Disney+ est la destination exclusive de vos films et séries TV préférés des univers Disney, Pixar, Marvel, Star Wars et National Geographic.

Abonnement requis.</description>
    <reuselanguageinvoker>true</reuselanguageinvoker>    
    <source>https://github.com/PeterMair/kodi_addons/</source>
    <license>GPL-3.0-or-later</license>
    <website></website>
    <news></news>
    <assets>
      <icon>icon.png</icon>
      <fanart>fanart.jpg</fanart>
    </assets>
  </extension>
</addon>
