<?xml version="1.0" encoding="UTF-8" standalone="yes"?>
<addon id="plugin.video.plex-tv.movies" name="Plex TV Movies" version="0.1.1" provider-name="Mair Peter">    
    <extension point="xbmc.python.pluginsource" library="default.py">
        <provides></provides>
    </extension>
    <extension point="xbmc.addon.metadata">
        <summary lang="en">PKC Dependency Add-On</summary>
        <description lang="en">Plex TV add-on for movies</description>
        <platform>all</platform>
        <language>en</language>
        <license>GNU GENERAL PUBLIC LICENSE. Version 2, June 1991</license>
        <forum></forum>
        <website></website>        
        <news>version 0.1.0
- MySQL Integration
- Fork from PlexKodiConnect (v.2.1.3)
</news>
    </extension>
</addon>
