﻿<?xml version="1.0" encoding="UTF-8" standalone="yes"?>
<addon id="plugin.video.amazon-prime"
       name="Amazon Prime VOD"
       version="0.1.10"
       provider-name="mairpeter">
  <requires>
    <import addon="xbmc.python" version="2.24.0"/>
    <import addon="script.module.beautifulsoup4" version="4.6.2"/>
    <import addon="script.module.mechanicalsoup" version="0.12.0"/>
    <import addon="script.module.pyxbmct" version="1.1.7"/>
    <import addon="script.module.requests" version="2.9.1"/>
    <import addon="script.module.kodi-six" version="0.0.5"/>
    <import addon="script.module.pyautogui" version="0.9.49"/>
    <import addon="script.module.slyguy"/>
    <import addon="script.module.mairpeter" version="0.1.2"/>
  </requires>
  <extension point="xbmc.python.pluginsource"
             library="default.py">
	<provides>video</provides>
  </extension>
  <extension point="xbmc.service" library="service.py" start="startup" />
  <extension point="xbmc.addon.metadata">
    <platform>all</platform>
    <reuselanguageinvoker>true</reuselanguageinvoker>
    <summary lang="en_GB">Amazon Prime Video Streaming</summary>
    <summary lang="de_DE">Amazon Prime Instant Video</summary>
    <description lang="en_GB">Movies and Television Shows for Prime Members</description>
    <description lang="de_DE">Filme und Serien für Amazon Prime Mitglieder</description>
    <disclaimer lang="en_GB">Some parts of this addon may not be legal in your country of residence - please check with your local laws before installing.</disclaimer>
    <disclaimer lang="de_DE">Möglicherweise sind einge Teile dieses Addons in Ihrem Land illegal, Sie sollten dies unbedingt vor der Installation überprüfen.</disclaimer>    
    <source>https://github.com/PeterMair/kodi_addons/</source>
    <license>GPL-3.0-or-later</license>
    <assets>
      <icon>icon.png</icon>
      <fanart>fanart.png</fanart>
      <clearlogo>clearlogo.png</clearlogo>
    </assets>
  </extension>
</addon>
